approach,domain,macro_f1,accuracy,f1_drop
MobileNetV2 (UrbanSound8K),UrbanSound8K,0.8310015598940783,0.8267622461170848,0.0
Urban transfer (MobileNetV2),ESC-50 Animals,0.516031746031746,0.5666666666666667,0.3149698138623323
From scratch (Custom CNN),ESC-50 Animals,0.5127272727272727,0.5666666666666667,0.3182742871668056
ImageNet only (MobileNetV2),ESC-50 Animals,0.6068253968253968,0.6,0.2241761630686815
