{
  "metrics": {
    "accuracy": 0.7502986857825568,
    "macro_f1": 0.7673285837997852,
    "weighted_f1": 0.7502921786884567
  },
  "classification_report": {
    "air_conditioner": {
      "precision": 0.7789473684210526,
      "recall": 0.74,
      "f1-score": 0.7589743589743589,
      "support": 100.0
    },
    "car_horn": {
      "precision": 0.92,
      "recall": 0.696969696969697,
      "f1-score": 0.7931034482758621,
      "support": 33.0
    },
    "children_playing": {
      "precision": 0.5416666666666666,
      "recall": 0.65,
      "f1-score": 0.5909090909090909,
      "support": 100.0
    },
    "dog_bark": {
      "precision": 0.8,
      "recall": 0.72,
      "f1-score": 0.7578947368421053,
      "support": 100.0
    },
    "drilling": {
      "precision": 0.8118811881188119,
      "recall": 0.82,
      "f1-score": 0.8159203980099502,
      "support": 100.0
    },
    "engine_idling": {
      "precision": 0.8409090909090909,
      "recall": 0.7956989247311828,
      "f1-score": 0.8176795580110497,
      "support": 93.0
    },
    "gun_shot": {
      "precision": 1.0,
      "recall": 0.96875,
      "f1-score": 0.9841269841269841,
      "support": 32.0
    },
    "jackhammer": {
      "precision": 0.808695652173913,
      "recall": 0.96875,
      "f1-score": 0.8815165876777251,
      "support": 96.0
    },
    "siren": {
      "precision": 0.6301369863013698,
      "recall": 0.5542168674698795,
      "f1-score": 0.5897435897435898,
      "support": 83.0
    },
    "street_music": {
      "precision": 0.6868686868686869,
      "recall": 0.68,
      "f1-score": 0.6834170854271356,
      "support": 100.0
    },
    "accuracy": 0.7502986857825568,
    "macro avg": {
      "precision": 0.7819105639459591,
      "recall": 0.7594385489170759,
      "f1-score": 0.7673285837997852,
      "support": 837.0
    },
    "weighted avg": {
      "precision": 0.7555998673043927,
      "recall": 0.7502986857825568,
      "f1-score": 0.7502921786884567,
      "support": 837.0
    }
  },
  "confusion_matrix": [
    [
      74,
      0,
      3,
      0,
      2,
      3,
      0,
      13,
      4,
      1
    ],
    [
      0,
      23,
      4,
      1,
      2,
      3,
      0,
      0,
      0,
      0
    ],
    [
      4,
      0,
      65,
      10,
      0,
      4,
      0,
      0,
      8,
      9
    ],
    [
      1,
      2,
      12,
      72,
      7,
      0,
      0,
      1,
      2,
      3
    ],
    [
      0,
      0,
      4,
      6,
      82,
      0,
      0,
      2,
      6,
      0
    ],
    [
      6,
      0,
      1,
      0,
      1,
      74,
      0,
      4,
      0,
      7
    ],
    [
      0,
      0,
      0,
      0,
      0,
      0,
      31,
      1,
      0,
      0
    ],
    [
      0,
      0,
      0,
      0,
      3,
      0,
      0,
      93,
      0,
      0
    ],
    [
      7,
      0,
      12,
      1,
      1,
      4,
      0,
      1,
      46,
      11
    ],
    [
      3,
      0,
      19,
      0,
      3,
      0,
      0,
      0,
      7,
      68
    ]
  ]
}