model,accuracy,macro_f1,weighted_f1,train_time_sec,epochs_run
custom_cnn,0.7502986857825568,0.7673285837997852,0.7502921786884567,4252.1,21
resnet50,0.8124253285543608,0.8110973769457885,0.8100933637700172,8293.4,29
mobilenetv2,0.8267622461170848,0.8310015598940783,0.8260715013116691,1974.4,30
